locus,log2FoldChange
AT1G01050,0.08333
AT1G01060,0.01000
AT1G01080,0.15667
AT1G01140,0.00667
AT1G01355,-0.16667
AT1G01370,-0.14000
AT1G01440,-0.23500
AT1G01540,-0.19333
AT1G01550,-0.01167
AT1G01580,0.29667
AT1G01600,0.23333
AT1G01810,0.07333
AT1G01930,-0.13667
AT1G02065,0.05667
AT1G02120,0.11833
AT1G02140,0.04333
AT1G02145,0.14000
AT1G02190,0.15667
AT1G02250,-0.08833
AT1G02305,0.05833
AT1G02410,-0.00000
AT1G02570,0.24333
AT1G02870,0.04333
AT1G03000,-0.09000
AT1G03010,-0.16000
AT1G03020,-0.03667
AT1G03110,0.25667
AT1G03770,0.21667
AT1G04310,0.01667
AT1G04400,0.03333
AT1G04610,0.00333
AT1G04635,0.02667
AT1G04645,0.10333
AT1G04690,-0.42000
AT1G04810,-0.14000
AT1G04900,-0.19167
AT1G04940,0.29000
AT1G05430,-0.00333
AT1G05470,0.18667
AT1G05490,-0.01000
AT1G05650,-0.20333
AT1G05770,0.09667
AT1G05800,0.14667
AT1G06010,0.04667
AT1G06210,-0.26333
AT1G06420,0.03333
AT1G06620,0.36333
AT1G06645,0.19333
AT1G06650,-0.05667
AT1G06680,-0.01667
AT1G06740,-0.34667
AT1G06820,0.31833
AT1G06890,0.01500
AT1G07070,-0.03000
AT1G07180,-0.06333
AT1G07260,-0.06000
AT1G07650,0.15833
AT1G07740,-0.37667
AT1G07745,-0.17833
AT1G07890,0.02333
AT1G07901,0.18500
AT1G07970,0.45000
AT1G07985,0.07000
AT1G08115,-0.08667
AT1G08170,-0.66000
AT1G08270,0.16000
AT1G08465,0.02667
AT1G08490,-0.20333
AT1G08660,-0.33000
AT1G08800,-0.04000
AT1G08830,0.00167
AT1G08910,-0.12667
AT1G09026,0.12000
AT1G09210,-0.27000
AT1G09380,-0.09667
AT1G09500,-0.05167
AT1G09600,-0.03667
AT1G09620,-0.09333
AT1G09630,-0.01667
AT1G09910,-0.04333
AT1G09920,0.00667
AT1G09995,-0.13667
AT1G10320,0.25333
AT1G10570,0.55000
AT1G10640,0.06667
AT1G10740,0.07000
AT1G10830,0.13167
AT1G10960,-0.00333
AT1G11330,-0.40667
AT1G11350,-0.04000
AT1G11420,-0.07333
AT1G11510,-0.15000
AT1G11610,-0.23333
AT1G12160,-0.03333
AT1G12200,-0.03333
AT1G12220,-0.07000
AT1G12340,-0.02667
AT1G12350,0.00167
AT1G12380,0.10667
AT1G12550,-0.04667
AT1G12580,0.24667
AT1G12750,0.60000
AT1G12850,0.11667
AT1G12950,-0.01667
AT1G12970,-0.26667
AT1G13210,0.15667
AT1G13310,0.02667
AT1G13340,0.01667
AT1G13448,0.24333
AT1G13608,-0.16000
AT1G13609,0.44000
AT1G13640,0.00000
AT1G13755,-0.10000
AT1G14100,0.19000
AT1G14185,0.20667
AT1G14205,-0.36667
AT1G14260,-0.08333
AT1G14320,-0.31167
AT1G14370,-0.26333
AT1G14686,-0.30333
AT1G14760,-0.09667
AT1G14920,-0.85667
AT1G15110,0.19000
AT1G15150,-0.04333
AT1G15430,-0.13667
AT1G15550,-0.10667
AT1G15610,-0.11667
AT1G15620,-0.01667
AT1G15690,0.04500
AT1G15720,-0.06667
AT1G15825,0.41667
AT1G15910,-0.04833
AT1G15980,0.02333
AT1G16010,0.15500
AT1G16270,-0.07500
AT1G16280,0.21333
AT1G16400,-0.33333
AT1G16570,-0.03500
AT1G16680,0.01333
AT1G16700,0.16667
AT1G16740,-0.20667
AT1G16940,-0.15000
AT1G16950,0.31333
AT1G17200,-0.11667
AT1G17380,-0.10333
AT1G17470,0.02667
AT1G17500,0.94667
AT1G17510,-0.39000
AT1G17800,-0.12333
AT1G17830,-0.18667
AT1G18075,0.79333
AT1G18170,0.29000
AT1G18300,-0.00000
AT1G18500,0.07000
AT1G18650,-0.02667
AT1G18760,-0.02667
AT1G18940,0.19333
AT1G18990,-0.05000
AT1G19130,-0.16333
AT1G19310,-0.07667
AT1G19450,0.00000
AT1G19460,0.11667
AT1G19520,0.19000
AT1G19570,0.07000
AT1G19740,0.23667
AT1G19830,-0.03333
AT1G19860,0.42333
AT1G19900,-0.11000
AT1G19920,0.08667
AT1G19970,0.41500
AT1G20020,-0.10667
AT1G20090,0.20667
AT1G20140,-0.12000
AT1G20160,-0.05667
AT1G20330,0.15167
AT1G20340,0.07333
AT1G20370,-0.00667
AT1G20480,-0.09500
AT1G20510,0.09333
AT1G20620,0.12000
AT1G20630,-0.32333
AT1G20690,-0.02000
AT1G20801,-0.07667
AT1G20816,0.27667
AT1G20870,0.07333
AT1G20960,0.01000
AT1G21050,-0.43333
AT1G21230,0.83333
AT1G21323,-0.11667
AT1G21380,-0.07333
AT1G21520,0.41333
AT1G21525,-0.06000
AT1G21580,0.04500
AT1G21610,-0.32833
AT1G21980,0.09333
AT1G22310,-0.03667
AT1G22403,-0.07667
AT1G22470,-0.01000
AT1G22480,0.08333
AT1G22610,-0.19667
AT1G22770,0.17667
AT1G22840,-0.25667
AT1G23020,-0.06000
AT1G23074,0.23000
AT1G23145,0.39000
AT1G23147,-0.34000
AT1G23170,0.27667
AT1G23340,0.13000
AT1G23360,0.24000
AT1G23790,0.04333
AT1G23840,0.03333
AT1G24030,0.30667
AT1G24050,-0.15500
AT1G24370,-0.00333
AT1G24388,0.17333
AT1G24470,-0.53667
AT1G24764,-0.01667
AT1G24822,0.02333
AT1G25053,0.08167
AT1G25180,-0.11333
AT1G25420,-0.03000
AT1G25510,0.37333
AT1G26190,-0.16667
AT1G26350,0.03000
AT1G26360,0.07000
AT1G26370,0.16000
AT1G26440,-1.11667
AT1G26558,-0.20833
AT1G26640,-0.35333
AT1G26770,0.38833
AT1G26830,-0.16667
AT1G27100,0.25667
AT1G27340,-0.06000
AT1G27380,0.16333
AT1G27430,0.04667
AT1G27435,-0.29333
AT1G27550,-0.07667
AT1G27630,-0.23500
AT1G27670,-0.16000
AT1G27690,0.09333
AT1G27710,0.24000
AT1G27860,-0.15333
AT1G27990,0.06500
AT1G28000,-0.21667
AT1G28010,0.19000
AT1G28120,0.11667
AT1G28260,0.18833
AT1G28520,-0.06000
AT1G29020,-0.47000
AT1G29179,0.08500
AT1G29310,-1.19000
AT1G29395,0.00667
AT1G29550,-0.09667
AT1G29610,0.51333
AT1G29690,-0.11667
AT1G29724,-0.23000
AT1G29770,-0.19333
AT1G29785,-0.29000
AT1G29800,-0.31000
AT1G29962,0.05667
AT1G30020,-0.09000
AT1G30110,-0.03000
AT1G30230,0.08000
AT1G30520,-0.09667
AT1G30700,-0.04000
AT1G31130,-0.17167
AT1G31300,0.77667
AT1G31630,0.03000
AT1G31750,-0.06000
AT1G32240,-0.07333
AT1G32270,0.30667
AT1G32350,0.04833
AT1G32580,-0.17000
AT1G32920,-0.02667
AT1G32930,0.11667
AT1G32992,-0.11333
AT1G33140,-0.20500
AT1G33160,0.06000
AT1G33230,0.06500
AT1G33240,-0.12667
AT1G33380,0.10667
AT1G33460,-0.95667
AT1G33640,-0.26667
AT1G33960,-1.15000
AT1G34020,0.12000
AT1G34042,0.50000
AT1G34110,-0.14167
AT1G34130,-0.05333
AT1G34290,0.22333
AT1G34370,-0.10333
AT1G34419,-0.49667
AT1G34440,-0.15333
AT1G34770,-0.50000
AT1G34810,-0.22500
AT1G35430,0.03000
AT1G35460,-0.05333
AT1G35470,0.68667
AT1G35480,-0.11333
AT1G35500,0.57667
AT1G35610,0.42000
AT1G35620,-0.09667
AT1G35730,0.05333
AT1G36740,0.09333
AT1G36980,-0.03667
AT1G37010,0.16333
AT1G37063,-0.26333
AT1G37471,0.18000
AT1G42080,-0.12000
AT1G42377,-0.13167
AT1G43180,0.23667
AT1G43667,-0.22667
AT1G43675,-0.20000
AT1G43730,0.02333
AT1G43895,0.03333
AT1G44130,-0.14000
AT1G44641,0.03333
AT1G44780,0.04333
AT1G44820,0.22500
AT1G44960,0.17000
AT1G45170,0.59333
AT1G45223,-0.00833
AT1G45688,-0.05333
AT1G45904,0.05000
AT1G47240,-0.03667
AT1G47370,0.19833
AT1G47420,-0.04667
AT1G47480,0.71667
AT1G47590,0.15667
AT1G47603,0.18000
AT1G48095,-0.07333
AT1G48140,0.12333
AT1G48190,0.02667
AT1G48420,-0.06333
AT1G48530,0.03333
AT1G48598,-0.11000
AT1G48605,-0.30333
AT1G48800,0.04333
AT1G48953,0.01333
AT1G49210,-0.53667
AT1G49245,-0.03667
AT1G49320,0.24833
AT1G49400,-0.27000
AT1G49440,0.11333
AT1G49530,-0.37000
AT1G49710,-0.03667
AT1G49780,0.16333
AT1G49810,-1.03333
AT1G49970,0.22000
AT1G50110,0.00333
AT1G50320,0.40000
AT1G50340,0.05000
AT1G50410,-0.55000
AT1G50470,-0.03333
AT1G50490,-0.07333
AT1G50580,-0.40000
AT1G50670,0.08667
AT1G51030,0.12833
AT1G51390,0.43333
AT1G51480,0.04000
AT1G51700,0.10667
AT1G51760,-0.02667
AT1G51800,0.00667
AT1G52190,0.04500
AT1G52370,-0.20167
AT1G52390,-0.35000
AT1G52480,0.13667
AT1G52520,-0.65667
AT1G52810,-0.04667
AT1G53010,0.19667
AT1G53060,0.20667
AT1G53120,0.42000
AT1G53170,-0.01500
AT1G53240,0.60000
AT1G53280,0.53833
AT1G53330,0.94667
AT1G53490,0.28000
AT1G53640,0.13333
AT1G53705,-0.00167
AT1G53785,0.02667
AT1G53810,-0.02333
AT1G53920,-0.16000
AT1G53935,-1.12000
AT1G54215,-0.10333
AT1G54270,0.41667
AT1G54355,0.10667
AT1G54360,0.15667
AT1G54410,0.01333
AT1G54470,0.22667
AT1G54750,0.17667
AT1G55120,-0.02333
AT1G55220,-0.20000
AT1G55325,-0.06000
AT1G55340,-0.39333
AT1G55365,0.06333
AT1G55480,-0.38000
AT1G55770,-0.05000
AT1G55790,0.54000
AT1G55850,-0.39333
AT1G55890,0.00667
AT1G55900,0.05667
AT1G55910,0.10000
AT1G55920,0.46000
AT1G56050,-0.25000
AT1G56090,0.01000
AT1G56110,-0.14833
AT1G56430,-0.26000
AT1G56460,0.28333
AT1G57570,-0.00000
AT1G57590,0.10333
AT1G57630,-0.34667
AT1G57850,0.68667
AT1G58122,0.03333
AT1G58265,-0.20000
AT1G58290,-0.05000
AT1G59077,0.35333
AT1G59750,-0.07333
AT1G59800,0.15667
AT1G59830,0.05333
AT1G59870,0.06333
AT1G59910,0.37333
AT1G59920,0.06833
AT1G60150,-0.28667
AT1G60270,0.01667
AT1G60410,0.45000
AT1G60560,0.21667
AT1G60630,-0.15000
AT1G60700,0.46000
AT1G60750,0.01667
AT1G60900,0.02167
AT1G60950,-0.05000
AT1G60983,0.01333
AT1G61010,-0.44000
AT1G61120,0.09667
AT1G61255,-0.20667
AT1G61610,-0.67333
AT1G61650,-0.33333
AT1G61660,0.07500
AT1G61795,0.02833
AT1G62045,-0.03667
AT1G62180,-0.16000
AT1G62250,-0.13167
AT1G62320,-0.14000
AT1G62540,0.01833
AT1G62760,0.05333
AT1G62900,0.06000
AT1G63040,0.08667
AT1G63090,-0.07833
AT1G63300,-0.26667
AT1G63590,0.34333
AT1G63640,0.07500
AT1G63830,-0.40333
AT1G64070,-0.13333
AT1G64450,0.04333
AT1G64470,0.37333
AT1G64640,0.03000
AT1G64910,-0.03000
AT1G65070,-0.03667
AT1G65352,-0.00667
AT1G65385,0.00333
AT1G65550,-0.07000
AT1G65630,-0.45667
AT1G65880,0.01667
AT1G65940,0.11000
AT1G66220,0.47000
AT1G66330,-0.06667
AT1G66460,0.28833
AT1G66620,0.32500
AT1G66710,-1.06000
AT1G66870,-0.19333
AT1G66880,0.18000
AT1G66930,0.09000
AT1G67000,0.71333
AT1G67200,-0.21833
AT1G67490,-0.09333
AT1G67560,-0.10000
AT1G67610,-0.13667
AT1G67640,-0.12000
AT1G67660,0.20333
AT1G68100,-0.21500
AT1G68270,0.00500
AT1G68310,0.08000
AT1G68390,0.46000
AT1G68740,0.69000
AT1G68765,0.22000
AT1G68840,0.09667
AT1G69070,-0.14000
AT1G69100,0.00333
AT1G69295,0.05333
AT1G69420,0.03000
AT1G69490,-0.12500
AT1G69588,-0.15333
AT1G69640,-0.04833
AT1G69790,0.07000
AT1G69950,-0.01500
AT1G69970,-0.03333
AT1G70060,-0.03333
AT1G70120,-0.35000
AT1G70140,-0.23833
AT1G70350,-0.28667
AT1G70390,-0.28333
AT1G70460,-0.49333
AT1G70630,0.22000
AT1G70640,0.20000
AT1G70760,-0.03000
AT1G70920,0.32667
AT1G70940,-0.11667
AT1G71060,-0.22333
AT1G71080,-0.31000
AT1G71100,0.13333
AT1G71110,-0.22667
AT1G71340,0.49333
AT1G71410,-0.32667
AT1G71528,0.15333
AT1G71720,-0.23333
AT1G71810,0.11000
AT1G71830,-0.05000
AT1G71850,0.12000
AT1G71870,-0.17000
AT1G71900,0.17667
AT1G72030,0.06167
AT1G72170,0.08000
AT1G72340,-0.15333
AT1G72610,0.30167
AT1G72720,0.12667
AT1G72870,-0.05333
AT1G72930,-0.00667
AT1G73140,0.15000
AT1G73150,-0.04333
AT1G73200,-0.17167
AT1G73300,0.73500
AT1G73360,-0.09667
AT1G73430,-0.00167
AT1G73590,-0.27667
AT1G73680,-0.12667
AT1G73875,-0.27333
AT1G73890,-0.18667
AT1G74340,-0.21333
AT1G74470,-0.27667
AT1G74500,-0.05000
AT1G74640,0.13333
AT1G74790,-0.12833
AT1G75160,0.03333
AT1G75220,-0.26000
AT1G75430,0.33667
AT1G75540,-0.10000
AT1G76090,0.11500
AT1G76100,-0.25000
AT1G76130,-1.51667
AT1G76180,0.12667
AT1G76740,0.03667
AT1G76880,0.04667
AT1G77090,0.09667
AT1G77360,0.04667
AT1G77570,0.00333
AT1G77590,0.01667
AT1G77650,-0.01667
AT1G77710,0.41667
AT1G77740,0.06333
AT1G78000,0.34167
AT1G78140,0.25000
AT1G78270,0.48833
AT1G78430,0.25000
AT1G78630,-0.46500
AT1G78640,-0.09000
AT1G78750,-0.91667
AT1G78810,0.04833
AT1G78915,-0.31000
AT1G78995,-0.01333
AT1G79110,-0.17000
AT1G79200,0.04333
AT1G79270,0.42000
AT1G79310,0.07333
AT1G79400,-0.08667
AT1G79440,-0.31667
AT1G79470,-0.09000
AT1G79600,0.10667
AT1G80133,0.20667
AT1G80380,-0.26333
AT1G80400,0.00667
AT1G80420,-0.03500
AT1G80555,0.00833
AT1G80740,0.02833
AT1G80960,-0.00667
AT2G01280,0.34667
AT2G01410,0.03333
AT2G01450,0.01333
AT2G01570,-0.55333
AT2G01660,-0.16333
AT2G01670,0.36333
AT2G01690,0.04333
AT2G01780,-0.15000
AT2G01850,0.04000
AT2G02000,-0.05000
AT2G02090,0.06667
AT2G02160,-0.07000
AT2G02260,0.27667
AT2G02290,-0.13667
AT2G02440,0.16333
AT2G02630,-0.15000
AT2G02640,0.07667
AT2G02750,0.13167
AT2G02950,-0.13167
AT2G02955,0.11333
AT2G03000,-0.16000
AT2G03120,-0.07000
AT2G03200,0.10000
AT2G03410,0.39000
AT2G03420,-0.55000
AT2G03860,0.05000
AT2G03920,0.00333
AT2G04039,0.05333
AT2G04047,0.00667
AT2G04200,-0.11000
AT2G04220,-0.57333
AT2G04280,0.28667
AT2G04650,-0.04667
AT2G04690,-0.03333
AT2G04700,-0.04667
AT2G05250,-0.18500
AT2G05300,0.17333
AT2G05620,0.24167
AT2G05710,0.82500
AT2G05770,0.06333
AT2G05990,-0.08000
AT2G06080,0.16000
AT2G06170,-0.15333
AT2G06845,-0.37667
AT2G06940,-0.04000
AT2G07030,-0.19333
AT2G07521,0.12333
AT2G07669,-0.02333
AT2G07674,0.03000
AT2G07680,0.03667
AT2G07682,-0.16833
AT2G07694,-0.05000
AT2G07700,0.01000
AT2G07709,0.22167
AT2G07710,-0.02667
AT2G07711,0.16000
AT2G07739,0.03333
AT2G07741,-0.12333
AT2G09840,0.16667
AT2G10256,0.15667
AT2G10650,0.07667
AT2G10820,-0.18000
AT2G10895,-0.15667
AT2G10940,-0.03167
AT2G10980,0.11667
AT2G10990,0.03333
AT2G11000,0.33667
AT2G11630,-0.06333
AT2G11720,0.03667
AT2G11891,-0.25667
AT2G12190,-0.11167
AT2G12230,-0.10333
AT2G12325,-0.32000
AT2G12730,-0.17000
AT2G13143,-0.07333
AT2G13272,0.06667
AT2G13665,0.04333
AT2G13790,-0.20167
AT2G14280,-0.19333
AT2G14400,0.78667
AT2G14590,0.07000
AT2G14660,0.41333
AT2G14750,0.11667
AT2G14846,0.21333
AT2G14920,0.54667
AT2G14990,-0.17000
AT2G15000,0.19667
AT2G15045,-0.16333
AT2G15185,0.08667
AT2G15290,-0.04333
AT2G15350,0.07667
AT2G15470,-0.06667
AT2G15500,-0.05667
AT2G15620,0.08000
AT2G15810,-0.00333
AT2G15850,0.29667
AT2G16005,-0.07333
AT2G16015,-0.04333
AT2G16200,-0.09333
AT2G16340,0.10667
AT2G16365,0.10167
AT2G16380,0.05667
AT2G16405,0.10167
AT2G16505,-0.23333
AT2G16535,1.01333
AT2G16580,-0.23333
AT2G16650,-0.10000
AT2G16720,0.07333
AT2G16730,-0.46000
AT2G16780,-0.21000
AT2G16860,-0.07833
AT2G17130,0.30667
AT2G17350,1.49000
AT2G17430,0.49000
AT2G17690,0.13667
AT2G17710,0.16000
AT2G17750,-0.22667
AT2G17780,0.02000
AT2G17980,-0.07000
AT2G18040,-0.12000
AT2G18120,0.15333
AT2G18170,-0.28000
AT2G18193,0.07333
AT2G18330,0.03000
AT2G18380,-0.09833
AT2G18630,-0.17333
AT2G18750,0.16667
AT2G18790,-0.10667
AT2G19570,0.69000
AT2G19620,-0.19667
AT2G19760,-0.02333
AT2G20160,-0.07333
AT2G20250,-0.08167
AT2G20350,0.03667
AT2G20450,-0.27000
AT2G20520,-0.35833
AT2G20580,-0.10333
AT2G20610,-0.30667
AT2G20650,0.06500
AT2G20700,-0.53333
AT2G20790,0.05833
AT2G20800,0.12333
AT2G20818,-0.17000
AT2G20860,0.17333
AT2G20875,0.19333
AT2G21120,-0.04000
AT2G21300,0.24000
AT2G21440,-0.09667
AT2G21500,-0.03167
AT2G21790,-0.15000
AT2G21950,-0.19000
AT2G22200,-0.11000
AT2G22340,-0.09667
AT2G22640,0.09667
AT2G22670,-0.06333
AT2G22830,-1.15333
AT2G23140,0.11000
AT2G23150,0.18333
AT2G23170,-0.06000
AT2G23320,-0.04667
AT2G23348,0.06000
AT2G23920,0.01000
AT2G23985,0.01333
AT2G24020,-0.00667
AT2G24270,-0.27333
AT2G24300,0.24333
AT2G24630,0.21500
AT2G24834,0.23667
AT2G24860,0.79333
AT2G25070,-0.87333
AT2G25100,0.12667
AT2G25150,-0.21333
AT2G25410,-0.11833
AT2G25565,-0.06667
AT2G25605,-0.24000
AT2G25800,-0.22167
AT2G26060,-0.08000
AT2G26170,-0.09500
AT2G26280,-0.21333
AT2G26370,-0.02000
AT2G26850,-0.09000
AT2G26880,0.14667
AT2G27020,-0.06000
AT2G27030,0.07833
AT2G27040,0.07667
AT2G27190,0.30167
AT2G27280,-0.27000
AT2G27375,0.10333
AT2G27390,-0.01000
AT2G27480,-0.53000
AT2G27760,0.05667
AT2G27950,-0.15833
AT2G28070,-0.04667
AT2G28085,-0.06000
AT2G28160,0.04000
AT2G28190,0.10667
AT2G28240,0.12333
AT2G28305,0.20000
AT2G28460,0.24000
AT2G28850,0.00000
AT2G29220,0.02000
AT2G29300,-0.02000
AT2G29360,0.30667
AT2G29500,-0.15333
AT2G29590,-0.03333
AT2G29650,-0.14333
AT2G29860,0.21000
AT2G29920,-0.12000
AT2G29940,0.16000
AT2G29990,0.12333
AT2G30100,-0.04000
AT2G30580,-0.05000
AT2G30600,-0.34333
AT2G30630,0.40667
AT2G30640,-0.07000
AT2G30690,0.08000
AT2G30695,0.12167
AT2G30750,0.02333
AT2G30790,-0.08000
AT2G30890,-0.15667
AT2G31170,-0.14000
AT2G31280,-0.14833
AT2G31300,-0.07333
AT2G31390,0.01000
AT2G31720,-0.03333
AT2G31830,-0.22333
AT2G31860,0.12667
AT2G31930,0.04333
AT2G31955,-0.14000
AT2G32560,-0.15333
AT2G32600,0.03333
AT2G32740,0.01667
AT2G32788,-0.10667
AT2G32840,-0.09000
AT2G33880,0.09000
AT2G34040,-0.11667
AT2G34135,0.23667
AT2G34230,-0.08000
AT2G34320,0.01000
AT2G34640,-0.17333
AT2G34680,0.01333
AT2G34750,-0.10000
AT2G34760,-0.05000
AT2G34800,-0.23333
AT2G34860,0.51333
AT2G35030,0.12833
AT2G35075,-0.98333
AT2G35140,-0.03667
AT2G35300,0.41667
AT2G35310,-0.04667
AT2G35570,0.32667
AT2G35635,0.06500
AT2G35710,0.09333
AT2G35795,-0.16333
AT2G36170,-0.11833
AT2G36305,0.49000
AT2G36340,-0.28000
AT2G36400,-0.04333
AT2G36410,0.44000
AT2G36670,-0.06667
AT2G36760,-0.49167
AT2G37380,-0.49000
AT2G37480,0.07333
AT2G37550,-0.20000
AT2G38120,-0.23333
AT2G38230,0.00333
AT2G38300,-0.06833
AT2G38320,0.13333
AT2G38365,0.50333
AT2G38380,-0.06000
AT2G38630,-0.14000
AT2G38646,0.08000
AT2G38650,-0.01000
AT2G38910,0.08667
AT2G38920,-0.13333
AT2G38960,0.33500
AT2G39540,-0.11333
AT2G39570,-0.09667
AT2G39750,-0.24667
AT2G39770,-0.06167
AT2G39980,0.14667
AT2G40030,-0.07833
AT2G40080,0.28000
AT2G40113,-0.00667
AT2G40120,0.09833
AT2G40205,0.09667
AT2G40300,0.17167
AT2G40995,0.18000
AT2G41130,-0.15000
AT2G41178,0.44000
AT2G41290,0.02667
AT2G41750,0.56667
AT2G41800,0.07333
AT2G41940,0.04333
AT2G41980,0.15333
AT2G42000,0.04667
AT2G42170,0.10667
AT2G42340,-0.35333
AT2G43040,-0.16333
AT2G43400,-0.00333
AT2G43540,-0.02667
AT2G43580,-0.08333
AT2G43620,0.27667
AT2G43890,0.14000
AT2G43900,-0.40000
AT2G43910,-0.12333
AT2G44065,0.02500
AT2G44070,-0.00333
AT2G44350,0.06000
AT2G44500,-0.33333
AT2G44560,0.03333
AT2G44680,0.00667
AT2G44780,0.13000
AT2G44850,-0.00333
AT2G44970,0.05833
AT2G45000,-0.30000
AT2G45140,0.00000
AT2G45410,-0.11333
AT2G45450,0.32000
AT2G45490,0.03000
AT2G45640,0.02667
AT2G45660,-0.03667
AT2G45840,0.05000
AT2G46060,0.14000
AT2G46130,0.15333
AT2G46220,-0.02000
AT2G46230,-0.09000
AT2G46255,-0.11667
AT2G46375,-0.03667
AT2G46400,0.16500
AT2G46505,-0.03667
AT2G46530,-0.46000
AT2G46567,-0.02333
AT2G46660,0.18333
AT2G46740,-0.36667
AT2G46790,-0.11667
AT2G46830,0.02000
AT2G46840,-0.01667
AT2G46850,0.04667
AT2G47000,0.36333
AT2G47240,0.32667
AT2G47510,-0.01000
AT2G47530,0.42667
AT2G47670,-0.38000
AT2G47760,1.03667
AT2G47860,0.73333
AT2G48160,0.08667
AT3G01175,0.03333
AT3G01324,-0.10333
AT3G01360,0.02833
AT3G01472,0.07667
AT3G01480,-0.02167
AT3G01490,-0.00333
AT3G01516,-0.12667
AT3G01620,0.13000
AT3G01700,0.12500
AT3G01820,0.06833
AT3G01990,-0.06000
AT3G02380,-0.07333
AT3G02493,-0.07333
AT3G02540,0.50167
AT3G02650,0.32000
AT3G02690,-0.08667
AT3G02820,0.17000
AT3G02880,0.13000
AT3G02885,-0.10333
AT3G03200,-0.01667
AT3G03420,0.08333
AT3G03450,-0.04500
AT3G03700,0.10000
AT3G03850,-0.25667
AT3G03940,0.05167
AT3G04080,-0.37333
AT3G04310,-0.07333
AT3G04580,0.02333
AT3G04660,-0.54333
AT3G04850,0.07667
AT3G04900,-0.07667
AT3G05070,0.00667
AT3G05140,-0.31667
AT3G05480,0.03000
AT3G05685,-0.51000
AT3G05750,0.02000
AT3G06030,-0.30333
AT3G06050,-0.07167
AT3G06090,-0.12000
AT3G06210,-0.19000
AT3G06270,-0.13333
AT3G06430,-0.07667
AT3G06483,-0.56167
AT3G06580,-0.06333
AT3G06680,-0.03667
AT3G06868,-0.01333
AT3G06920,-0.48667
AT3G07070,0.30167
AT3G07120,0.02000
AT3G07310,-0.54833
AT3G07320,-0.20667
AT3G07480,0.03667
AT3G07530,0.22333
AT3G07590,-0.08000
AT3G07630,-0.02667
AT3G07800,0.31833
AT3G07840,-0.23333
AT3G07850,0.46333
AT3G07890,0.22667
AT3G07930,0.10667
AT3G08510,-0.19333
AT3G08670,-0.05833
AT3G08840,0.00167
AT3G08910,-0.08833
AT3G08980,-0.34500
AT3G09070,-0.21333
AT3G09080,0.10000
AT3G09400,0.01333
AT3G09450,-0.29000
AT3G09510,-0.05667
AT3G09580,-0.03333
AT3G09640,0.03000
AT3G09820,-0.03667
AT3G09970,-0.03333
AT3G10040,-0.25000
AT3G10050,0.17667
AT3G10120,-0.56667
AT3G10210,0.47833
AT3G10240,-0.09333
AT3G10310,-0.13667
AT3G10525,0.02333
AT3G10580,0.04833
AT3G10660,-0.04333
AT3G10920,0.02167
AT3G11090,-0.04000
AT3G11230,0.04667
AT3G11410,0.17333
AT3G11480,-0.30333
AT3G11500,0.11333
AT3G11570,-1.05667
AT3G11700,0.12333
AT3G11860,0.49333
AT3G11870,0.07333
AT3G11940,-0.02000
AT3G12410,0.10000
AT3G12530,0.12000
AT3G12750,0.11000
AT3G12775,-0.67000
AT3G12990,0.00333
AT3G13228,0.28667
AT3G13230,0.28667
AT3G13460,-0.05333
AT3G13700,-0.05000
AT3G13800,0.20333
AT3G13810,-0.06000
AT3G13970,-0.01333
AT3G14025,0.10833
AT3G14225,-0.13000
AT3G14340,0.06667
AT3G14360,0.02333
AT3G14380,0.00667
AT3G14580,-0.11667
AT3G14660,-0.18500
AT3G14720,0.01000
AT3G14780,-0.13000
AT3G14840,-0.15000
AT3G15040,0.28333
AT3G15070,0.22667
AT3G15090,-0.35667
AT3G15180,0.17500
AT3G15190,-0.08000
AT3G15380,-0.23500
AT3G15395,0.21667
AT3G15430,0.12167
AT3G15660,-0.12500
AT3G15690,0.22333
AT3G15700,-0.27333
AT3G15740,0.49000
AT3G15860,-0.42667
AT3G15890,-0.46333
AT3G16020,0.15667
AT3G16090,0.05667
AT3G16210,-0.14000
AT3G16390,0.38000
AT3G16830,0.11000
AT3G16990,0.74333
AT3G17050,-0.15667
AT3G17220,-0.09667
AT3G17250,-0.00667
AT3G17370,0.33833
AT3G17620,0.11667
AT3G17860,0.13000
AT3G17930,0.06000
AT3G17998,0.77333
AT3G18080,-0.00833
AT3G18160,0.10667
AT3G18410,-0.13500
AT3G18600,0.51000
AT3G18773,0.24667
AT3G18780,-0.39000
AT3G18827,0.00333
AT3G19045,-0.40333
AT3G19140,-0.06667
AT3G19240,-0.22833
AT3G19260,-0.21333
AT3G19320,-0.07333
AT3G19650,-0.02333
AT3G19710,-0.11667
AT3G19760,0.05667
AT3G19840,0.01000
AT3G20395,0.05333
AT3G20450,0.13000
AT3G20557,0.45333
AT3G20720,-0.10833
AT3G20790,-0.13333
AT3G20970,-0.35667
AT3G21030,0.10667
AT3G21338,-0.13000
AT3G21550,-0.10667
AT3G21650,0.02000
AT3G21710,0.07333
AT3G21720,0.19333
AT3G22057,0.25500
AT3G22090,0.24000
AT3G22121,-0.14333
AT3G22160,-0.08000
AT3G22350,1.69000
AT3G22360,-0.01667
AT3G22370,-0.03667
AT3G22492,-0.00667
AT3G22890,0.20000
AT3G23040,-0.18333
AT3G23060,0.03000
AT3G23090,-0.26000
AT3G23100,0.08000
AT3G23210,0.11667
AT3G23326,0.17333
AT3G23330,0.01667
AT3G23380,-0.82667
AT3G23410,-0.16667
AT3G23460,-0.05000
AT3G23580,0.09333
AT3G23770,0.05000
AT3G23940,-0.01667
AT3G23970,0.07333
AT3G24010,0.03333
AT3G24030,0.11000
AT3G24093,-0.14333
AT3G24150,-0.36000
AT3G24170,-0.01667
AT3G24255,0.46167
AT3G24430,0.01667
AT3G24508,0.15000
AT3G24515,0.18333
AT3G24640,0.07667
AT3G24900,-0.05333
AT3G25020,-0.11333
AT3G25070,-0.05167
AT3G25220,0.53000
AT3G25230,0.31333
AT3G25265,-0.07333
AT3G25550,-0.18167
AT3G26030,-0.08333
AT3G26140,-0.37000
AT3G26190,0.27667
AT3G26270,-0.18000
AT3G26360,-0.18333
AT3G26470,1.14000
AT3G26700,-0.02000
AT3G26740,-0.03667
AT3G26810,0.02333
AT3G26850,-0.31833
AT3G26980,0.34000
AT3G27240,-0.02000
AT3G27328,0.00333
AT3G27331,-0.04667
AT3G27380,-0.12167
AT3G27390,0.24333
AT3G27400,0.26333
AT3G27600,-0.39333
AT3G27620,-0.82000
AT3G28007,0.02167
AT3G28250,-0.14000
AT3G28291,0.12667
AT3G28470,0.35000
AT3G28630,0.08667
AT3G28674,-0.07000
AT3G28680,0.06667
AT3G28700,0.07667
AT3G28760,0.07333
AT3G28820,-0.06667
AT3G28860,0.00000
AT3G28880,0.01667
AT3G28956,-0.10167
AT3G29252,0.06333
AT3G29270,-0.00333
AT3G29380,0.02667
AT3G29760,-0.08000
AT3G29797,-0.08667
AT3G30740,0.04667
AT3G30742,-0.16333
AT3G30747,0.36333
AT3G30847,-0.53667
AT3G31320,-0.29667
AT3G31350,0.01000
AT3G31395,0.45000
AT3G31400,-0.25500
AT3G31720,0.00667
AT3G31910,0.14000
AT3G31915,0.08333
AT3G31993,0.02000
AT3G32035,-0.12667
AT3G32050,0.69667
AT3G32095,-0.10667
AT3G32100,-0.26000
AT3G32150,0.30667
AT3G32250,1.02167
AT3G32280,-0.09000
AT3G42230,0.16333
AT3G42280,0.23000
AT3G42460,0.13667
AT3G42640,-0.15333
AT3G42724,0.10000
AT3G42910,-0.19667
AT3G43020,0.03000
AT3G43433,0.27667
AT3G43500,0.41667
AT3G43625,-0.01667
AT3G43660,-0.03333
AT3G43690,0.12500
AT3G43715,0.14333
AT3G43833,-0.42000
AT3G43920,-0.15000
AT3G44010,-0.06333
AT3G44280,-0.12167
AT3G44310,-0.20667
AT3G44450,-0.02000
AT3G44540,-0.06333
AT3G44640,0.11000
AT3G44880,-0.16000
AT3G45130,-0.02667
AT3G45230,0.04000
AT3G45400,-0.14333
AT3G45500,0.01000
AT3G45555,-0.19333
AT3G45580,-0.32333
AT3G45640,-0.01333
AT3G45850,-1.14333
AT3G46220,-0.16000
AT3G46280,-0.12333
AT3G46540,0.01833
AT3G46560,0.15167
AT3G46590,-0.08333
AT3G46730,0.02667
AT3G46800,0.46667
AT3G46880,-0.02667
AT3G46940,0.54333
AT3G47080,0.01667
AT3G47210,0.29667
AT3G47250,-0.01000
AT3G47470,-0.04167
AT3G47490,0.13167
AT3G47520,-0.15000
AT3G47710,-0.06333
AT3G47740,0.06167
AT3G47750,0.07667
AT3G47800,-0.17000
AT3G47930,-0.06333
AT3G48160,-0.34333
AT3G48209,-0.27667
AT3G48235,-0.41000
AT3G48280,0.22000
AT3G48750,0.06000
AT3G48930,0.27500
AT3G49115,0.06667
AT3G49260,-0.05667
AT3G49420,0.01333
AT3G49570,0.10333
AT3G49590,-0.01500
AT3G49645,-0.06000
AT3G49760,-0.08333
AT3G49810,-0.03333
AT3G49900,-0.20667
AT3G50030,-0.09333
AT3G50040,-0.13333
AT3G50070,0.03000
AT3G50160,0.07000
AT3G50200,0.42167
AT3G50380,-0.01000
AT3G50420,0.17000
AT3G50520,0.03333
AT3G50540,0.06167
AT3G50720,-0.05667
AT3G50750,0.11667
AT3G50820,-0.05167
AT3G50930,-0.12667
AT3G50960,0.08333
AT3G51050,-0.19333
AT3G51070,-0.49333
AT3G51190,-0.12333
AT3G51320,0.15333
AT3G51360,0.36833
AT3G51800,-0.17333
AT3G51930,0.36333
AT3G52060,-0.31333
AT3G52190,-0.57333
AT3G52320,0.01000
AT3G52340,-0.07833
AT3G52420,0.04000
AT3G52450,0.08167
AT3G52560,0.19333
AT3G52640,-0.49000
AT3G52880,0.08667
AT3G53040,0.10000
AT3G53200,0.01667
AT3G53390,0.06667
AT3G53420,0.03333
AT3G53580,-0.41333
AT3G53650,-0.07000
AT3G53710,-0.06333
AT3G53790,-0.06333
AT3G54010,-0.11667
AT3G54060,0.00333
AT3G54070,-0.36000
AT3G54150,-0.06667
AT3G54270,0.00500
AT3G54300,0.02000
AT3G54310,-0.09000
AT3G55180,0.39333
AT3G55254,-0.01833
AT3G55530,-0.34667
AT3G55720,-0.82333
AT3G55750,-0.03333
AT3G55760,0.92667
AT3G55850,0.29667
AT3G55930,0.04833
AT3G56030,-0.05000
AT3G56060,0.19333
AT3G56150,-0.66667
AT3G56270,-0.19000
AT3G56390,-0.01667
AT3G56640,0.17333
AT3G56730,-0.02000
AT3G56740,0.23333
AT3G56825,-0.07333
AT3G56910,-0.06000
AT3G56970,0.02000
AT3G56980,0.09000
AT3G57220,-0.10667
AT3G57310,-0.10667
AT3G57350,0.18333
AT3G57645,0.33333
AT3G57650,-0.07333
AT3G58070,-0.68333
AT3G58100,-0.51000
AT3G58220,0.23000
AT3G58340,-0.03000
AT3G58370,-0.08667
AT3G58430,0.17333
AT3G58460,0.27000
AT3G58710,-0.03333
AT3G58920,0.23667
AT3G59140,-0.19333
AT3G59170,-0.12000
AT3G59330,0.00833
AT3G59520,-0.04333
AT3G59690,0.09333
AT3G59750,0.09667
AT3G59890,-0.05333
AT3G59970,0.24000
AT3G60250,-0.16500
AT3G60550,-0.48333
AT3G60590,-0.28167
AT3G61172,0.29000
AT3G61400,-0.23333
AT3G61415,-0.17000
AT3G61880,-0.18000
AT3G62260,-0.02000
AT3G62336,0.14333
AT3G62730,0.09667
AT3G62980,-0.36667
AT3G63070,-0.09333
AT3G63090,0.07667
AT3G63300,-0.15167
AT3G63310,0.41833
AT3G63400,-0.40667
AT3G63470,0.23833
AT4G00020,-0.14333
AT4G00140,0.02667
AT4G00180,0.19000
AT4G00231,0.15000
AT4G00350,0.16500
AT4G00355,-0.07167
AT4G00356,-0.23667
AT4G00380,-0.23333
AT4G00430,-0.03000
AT4G00590,-0.04500
AT4G00630,0.02000
AT4G00760,-0.70333
AT4G00780,-0.13667
AT4G01037,-0.04333
AT4G01180,-0.28333
AT4G01410,-0.31333
AT4G01500,-0.11333
AT4G01520,0.17333
AT4G01790,-0.21333
AT4G01870,-0.11000
AT4G01950,-0.02667
AT4G02100,0.14333
AT4G02160,0.31667
AT4G02360,-0.31000
AT4G02570,0.07333
AT4G02580,-0.18333
AT4G02710,0.07500
AT4G02920,0.09833
AT4G03010,-0.10000
AT4G03175,0.00333
AT4G03180,-0.05333
AT4G03240,-0.05333
AT4G03280,-0.02333
AT4G03440,0.02000
AT4G03590,0.51667
AT4G03824,-0.35333
AT4G04500,-0.01667
AT4G04610,-0.05667
AT4G04640,-0.12333
AT4G04810,0.00333
AT4G04830,0.10833
AT4G05020,-0.18500
AT4G05050,0.01000
AT4G05090,-0.01333
AT4G05160,0.07000
AT4G05190,-0.02667
AT4G05270,-0.14333
AT4G05497,0.27667
AT4G06474,0.00667
AT4G06580,0.07333
AT4G06598,-0.04333
AT4G06701,0.09667
AT4G07320,0.17667
AT4G07425,0.26333
AT4G08034,0.34000
AT4G08053,-0.21167
AT4G08360,-0.07000
AT4G08395,-0.06333
AT4G08620,0.22333
AT4G08920,0.25500
AT4G09180,-0.04000
AT4G09270,0.40000
AT4G09464,-0.14333
AT4G09480,0.00667
AT4G09580,0.22333
AT4G09630,-0.09333
AT4G10010,-0.05667
AT4G10040,-0.06667
AT4G10060,-0.29667
AT4G10490,-0.00000
AT4G10520,-0.16667
AT4G10820,0.01333
AT4G10860,-0.23000
AT4G10890,-0.45333
AT4G10920,-0.14333
AT4G10970,0.07333
AT4G11030,-0.07500
AT4G11110,-0.03333
AT4G11240,-0.07000
AT4G11690,-0.07000
AT4G11700,-0.21000
AT4G11780,0.07333
AT4G11950,0.16667
AT4G12060,-0.63833
AT4G12180,0.12000
AT4G12750,0.05000
AT4G12760,0.08667
AT4G12780,-0.04000
AT4G13240,0.04333
AT4G13480,0.10000
AT4G14140,0.11333
AT4G14220,-0.06333
AT4G14230,-0.09667
AT4G14385,0.07000
AT4G14430,-0.17667
AT4G14470,-0.14667
AT4G14548,0.32000
AT4G14550,-0.16500
AT4G14660,-0.81667
AT4G14880,-0.00000
AT4G15233,0.42333
AT4G15393,-0.04333
AT4G15415,0.16667
AT4G15460,0.12000
AT4G15700,0.11000
AT4G15750,-0.13000
AT4G15830,0.05333
AT4G15885,-0.10000
AT4G16045,0.04667
AT4G16143,-0.02667
AT4G16330,-0.13333
AT4G16430,0.00500
AT4G16440,-0.07000
AT4G16892,0.14667
AT4G17050,-0.28000
AT4G17220,-0.06833
AT4G17570,0.56667
AT4G17670,-0.01333
AT4G17780,-0.18500
AT4G17800,0.06000
AT4G17910,-0.11500
AT4G18030,-0.27167
AT4G18280,-0.04000
AT4G18350,0.00333
AT4G18390,0.02833
AT4G18440,0.01333
AT4G18580,-0.10667
AT4G18770,0.20333
AT4G19030,0.02667
AT4G19040,-0.48000
AT4G19190,0.46333
AT4G19200,-0.00667
AT4G19350,0.07333
AT4G19410,-0.15000
AT4G19510,-0.01667
AT4G19515,-0.27167
AT4G19690,0.05667
AT4G19700,0.24667
AT4G19760,0.05333
AT4G19910,0.01667
AT4G20050,0.01833
AT4G20100,0.09000
AT4G20390,-0.06333
AT4G20710,-0.04667
AT4G21050,0.00000
AT4G21080,-0.21000
AT4G21130,-0.13333
AT4G21170,-0.23333
AT4G21192,-0.28833
AT4G21430,-0.06000
AT4G21540,0.00667
AT4G21550,-0.11333
AT4G21730,0.01333
AT4G21740,-0.03333
AT4G21760,-0.05333
AT4G21903,0.06000
AT4G21990,0.05333
AT4G22090,-0.04000
AT4G22220,0.15333
AT4G22460,-0.37000
AT4G22540,-0.00667
AT4G22580,0.19667
AT4G22730,0.04333
AT4G22890,0.09167
AT4G22980,-0.00000
AT4G22990,-0.12833
AT4G23050,-0.13000
AT4G23150,-0.15000
AT4G23220,0.08833
AT4G23300,-0.02000
AT4G23470,0.01333
AT4G23550,0.44667
AT4G23580,-0.16000
AT4G23690,-0.16000
AT4G23960,-0.21000
AT4G24230,-0.15500
AT4G24240,-0.05000
AT4G24265,-0.15333
AT4G24530,-0.00333
AT4G24550,-0.03333
AT4G24620,-0.38000
AT4G24880,0.11333
AT4G25100,0.25667
AT4G25225,-0.01667
AT4G25420,-0.22333
AT4G25580,-0.16000
AT4G25672,-0.00833
AT4G25700,-0.14667
AT4G25710,-0.20333
AT4G25850,-0.04667
AT4G26110,0.11167
AT4G26120,-0.16000
AT4G26150,0.01000
AT4G26250,-0.10000
AT4G26255,-0.26333
AT4G26270,0.17333
AT4G26288,-0.14333
AT4G26330,0.12667
AT4G26490,0.06333
AT4G26500,-0.08000
AT4G26600,0.03333
AT4G26820,0.04333
AT4G26970,0.47500
AT4G27050,-0.05333
AT4G27130,0.29667
AT4G27150,-0.07667
AT4G27510,-0.07667
AT4G27597,-0.01000
AT4G27840,0.00667
AT4G27990,0.06667
AT4G28180,-0.05333
AT4G28210,-0.05333
AT4G28220,-0.02667
AT4G28260,-0.21000
AT4G28270,-0.02667
AT4G28340,0.14667
AT4G28360,-0.02667
AT4G28365,0.11333
AT4G28405,0.26667
AT4G28570,0.63667
AT4G28706,-0.01333
AT4G28730,0.69000
AT4G28830,0.63667
AT4G29033,0.03667
AT4G29060,-0.15833
AT4G29110,-0.02333
AT4G29530,-0.07667
AT4G29540,-0.01000
AT4G29590,-0.06333
AT4G29658,0.01333
AT4G30072,-0.35667
AT4G30230,0.19667
AT4G30260,-0.26000
AT4G30270,-0.01667
AT4G30350,-0.03167
AT4G30410,0.17500
AT4G30670,-0.07333
AT4G30850,0.07333
AT4G30880,0.22000
AT4G31115,-0.42333
AT4G31196,-0.15000
AT4G31210,-1.30667
AT4G31260,0.26333
AT4G31290,-0.07667
AT4G31310,0.05333
AT4G31355,-0.44667
AT4G31840,-0.01333
AT4G32000,-0.21667
AT4G32105,0.28667
AT4G32140,0.07000
AT4G32150,-0.05333
AT4G32285,-0.04333
AT4G32370,-0.15333
AT4G32450,-0.18000
AT4G32510,-0.55000
AT4G32600,0.00333
AT4G32820,-0.01333
AT4G32890,0.22000
AT4G32970,0.20667
AT4G33120,0.03333
AT4G33440,-0.12000
AT4G33520,0.05000
AT4G33920,-0.02333
AT4G34060,-0.40667
AT4G34400,0.16333
AT4G34490,0.24667
AT4G34530,0.36333
AT4G34600,-0.16333
AT4G34610,0.01500
AT4G34710,0.17167
AT4G34880,0.03667
AT4G34890,0.30000
AT4G34950,0.20000
AT4G35090,-0.09333
AT4G35260,-0.21333
AT4G35560,0.13333
AT4G35700,-0.43000
AT4G35710,-0.42667
AT4G35725,-0.16667
AT4G35800,-0.00500
AT4G35830,-0.08667
AT4G35930,-0.00500
AT4G35990,-0.11000
AT4G36170,-0.33333
AT4G36550,0.13000
AT4G36740,0.19000
AT4G36988,0.03500
AT4G37030,0.07333
AT4G37060,-0.12667
AT4G37620,-0.19000
AT4G37710,0.07833
AT4G38100,0.06000
AT4G38200,-0.34667
AT4G38250,0.06667
AT4G38940,-0.24333
AT4G39235,0.16667
AT4G39380,-0.01167
AT4G39600,-0.24333
AT4G39660,0.04500
AT4G39680,-0.10500
AT4G39820,0.07333
AT4G39930,0.26333
AT4G40030,-0.15667
AT4G40045,-0.04833
AT4G40100,0.07000
AT5G01070,-0.17667
AT5G01110,-0.15000
AT5G01170,-0.34000
AT5G01390,0.00833
AT5G01600,-0.12667
AT5G02000,-0.12333
AT5G02130,-0.08000
AT5G02240,-0.19167
AT5G02340,-0.10667
AT5G02650,-0.11667
AT5G02810,-0.17833
AT5G02811,0.29333
AT5G02980,0.03667
AT5G03260,0.19667
AT5G03390,0.19667
AT5G03495,-0.04333
AT5G03860,-0.02333
AT5G03944,0.06667
AT5G03970,-0.18833
AT5G03990,0.11667
AT5G04070,-0.12000
AT5G04080,-0.26000
AT5G04130,0.02333
AT5G04150,0.56333
AT5G04190,-0.11333
AT5G04200,-0.40333
AT5G04330,0.22000
AT5G04590,-0.15000
AT5G04920,0.44667
AT5G04980,-0.29167
AT5G05020,0.21000
AT5G05130,-0.26000
AT5G05250,-0.62000
AT5G05500,0.07000
AT5G05670,-0.22500
AT5G05980,-0.13333
AT5G06090,-0.02667
AT5G06160,-0.04000
AT5G06410,-0.03333
AT5G06550,-0.03000
AT5G06740,-0.02333
AT5G06760,-0.35667
AT5G06900,-0.11000
AT5G07400,0.58000
AT5G07460,-0.18333
AT5G07860,-0.04000
AT5G08050,-0.07667
AT5G08350,0.16667
AT5G08380,-0.30667
AT5G08460,0.87667
AT5G08530,0.32000
AT5G08690,-0.12167
AT5G09500,-0.05333
AT5G09600,-0.15000
AT5G09690,0.05000
AT5G09700,-0.01333
AT5G09750,0.05000
AT5G09770,-0.02000
AT5G09795,-0.17000
AT5G10140,0.21333
AT5G10180,-0.31667
AT5G10220,0.05667
AT5G10310,-0.08000
AT5G10360,0.02500
AT5G10470,-0.04000
AT5G10500,-0.08667
AT5G10560,-0.02667
AT5G10790,-0.17667
AT5G11412,0.20000
AT5G11520,0.06667
AT5G11570,-0.16333
AT5G11710,-0.15000
AT5G11750,0.13667
AT5G11770,0.03167
AT5G11930,0.22333
AT5G12840,-0.00667
AT5G13250,-0.02833
AT5G13430,0.11000
AT5G13440,-0.01333
AT5G13520,-0.80000
AT5G13630,0.11000
AT5G13750,-0.22000
AT5G13890,-0.06000
AT5G13940,-0.02667
AT5G13960,0.04667
AT5G14070,-0.10000
AT5G14380,-0.06667
AT5G14720,-0.01000
AT5G14770,-0.01667
AT5G14880,0.21000
AT5G14940,-0.17667
AT5G14960,-0.22000
AT5G15050,-0.05333
AT5G15110,0.02000
AT5G15420,0.22000
AT5G15680,0.49667
AT5G15920,-1.63333
AT5G16160,0.24333
AT5G16300,-0.14667
AT5G16340,-0.19333
AT5G16810,0.17333
AT5G16860,0.06333
AT5G17160,0.36667
AT5G17200,0.59333
AT5G17240,0.52000
AT5G17360,0.13000
AT5G17470,-0.05000
AT5G17480,-0.09000
AT5G17600,0.26333
AT5G17620,0.24667
AT5G17720,0.02333
AT5G18570,0.17667
AT5G18690,-0.06000
AT5G18710,0.03833
AT5G18900,-0.66000
AT5G18940,-0.13333
AT5G19040,0.00667
AT5G19080,-0.02333
AT5G19160,0.09000
AT5G19221,-0.05333
AT5G19250,-0.01833
AT5G19460,0.17833
AT5G19470,0.72333
AT5G19480,0.37333
AT5G19485,-0.20667
AT5G19620,0.14833
AT5G19800,0.11667
AT5G20050,-0.33333
AT5G20520,0.11333
AT5G20580,-0.10667
AT5G20650,0.09000
AT5G20730,0.13000
AT5G20750,-0.13000
AT5G21222,-0.18333
AT5G21482,-0.21000
AT5G22030,-0.02167
AT5G22044,0.07333
AT5G22140,-0.11000
AT5G22200,0.04667
AT5G22250,-0.25667
AT5G22330,0.00667
AT5G22460,-0.03333
AT5G22520,0.14833
AT5G22560,0.68000
AT5G22710,1.07000
AT5G22791,0.05333
AT5G23140,0.03667
AT5G23180,0.09667
AT5G23190,-0.26667
AT5G23320,-0.22333
AT5G23420,0.05333
AT5G23490,-0.07167
AT5G23920,-0.42000
AT5G23940,0.30333
AT5G24105,0.33000
AT5G24155,0.36667
AT5G24160,0.26000
AT5G24318,0.23667
AT5G24470,0.17667
AT5G24960,-0.05333
AT5G25000,-0.00333
AT5G25120,-0.06667
AT5G25205,-0.04333
AT5G25400,-0.10333
AT5G25480,-0.12333
AT5G25770,0.22000
AT5G25830,0.02000
AT5G25980,0.50000
AT5G26120,-0.27000
AT5G26190,0.00333
AT5G26210,-0.11333
AT5G26330,0.02833
AT5G26660,-0.08667
AT5G26950,0.04000
AT5G27550,0.24000
AT5G27590,-0.05333
AT5G27620,0.03333
AT5G27770,0.06333
AT5G27845,-0.12333
AT5G27860,-0.07667
AT5G27890,-0.31000
AT5G28143,-0.06000
AT5G28320,-0.06333
AT5G28410,0.00667
AT5G28464,-0.06667
AT5G28646,0.05833
AT5G28650,0.22667
AT5G28750,0.08833
AT5G32590,-0.09000
AT5G32623,-0.06500
AT5G33260,-0.13667
AT5G33320,0.18000
AT5G33355,0.20333
AT5G34266,0.05667
AT5G34885,0.01500
AT5G35220,0.22667
AT5G35320,-0.02667
AT5G35336,-0.16333
AT5G35354,0.22667
AT5G35450,0.49333
AT5G35470,0.22000
AT5G35550,-0.10667
AT5G35610,-0.52333
AT5G35640,-0.28000
AT5G35715,0.03000
AT5G35914,0.06333
AT5G35920,0.33667
AT5G35926,-0.15333
AT5G36140,1.19000
AT5G36170,0.08667
AT5G36210,-0.27000
AT5G36960,0.25667
AT5G37000,0.20667
AT5G37020,0.16333
AT5G37240,0.00000
AT5G37280,0.00000
AT5G37474,0.42667
AT5G37480,0.20833
AT5G37500,0.05000
AT5G37510,-0.22333
AT5G37580,0.02333
AT5G37590,0.13000
AT5G37770,0.30000
AT5G37860,0.02000
AT5G38070,-0.08000
AT5G38780,0.48667
AT5G38790,0.25667
AT5G38800,0.17667
AT5G39010,-0.49333
AT5G39020,-0.17667
AT5G39240,0.17667
AT5G39340,0.23667
AT5G39390,-0.05000
AT5G39450,0.23333
AT5G39900,-0.01667
AT5G39910,0.01667
AT5G40550,0.04333
AT5G40650,-0.09167
AT5G40720,-0.45667
AT5G40820,-0.16333
AT5G40990,0.12000
AT5G41320,-0.05000
AT5G41380,0.28000
AT5G41550,-0.11333
AT5G41610,0.40000
AT5G41630,0.12667
AT5G41960,-0.06667
AT5G42010,0.01333
AT5G42070,1.07000
AT5G42090,0.08000
AT5G42420,0.05667
AT5G42600,-0.12000
AT5G42640,0.48667
AT5G42800,0.02000
AT5G42820,-0.09667
AT5G42895,-0.03333
AT5G43070,0.79000
AT5G43175,-0.05500
AT5G43250,-0.17000
AT5G43340,-0.05333
AT5G43440,0.00333
AT5G43450,0.01667
AT5G43490,-0.30333
AT5G43710,0.30333
AT5G43830,-0.00333
AT5G43950,-0.05000
AT5G43960,-0.00000
AT5G44220,0.28333
AT5G44510,-0.07167
AT5G44550,0.02500
AT5G44650,-0.03667
AT5G44700,0.12333
AT5G45080,0.01667
AT5G45200,0.06667
AT5G45360,-0.16333
AT5G45380,-0.01000
AT5G45450,0.19333
AT5G45490,-0.33333
AT5G45570,-0.48333
AT5G45770,0.00833
AT5G45900,-0.11000
AT5G46180,-0.11667
AT5G46295,0.19333
AT5G46310,-0.16000
AT5G46360,0.08000
AT5G46380,0.00333
AT5G46580,0.28000
AT5G46590,0.06333
AT5G46730,0.03833
AT5G46960,0.22333
AT5G47350,-0.16000
AT5G47480,-0.07667
AT5G47510,0.12000
AT5G47530,-0.14000
AT5G47570,-0.25000
AT5G47630,0.83000
AT5G47780,0.38333
AT5G47800,0.11000
AT5G47815,0.02667
AT5G47830,0.14667
AT5G47900,0.01167
AT5G47940,-0.46333
AT5G48110,0.21167
AT5G48120,-0.07333
AT5G48230,0.05000
AT5G48335,-0.03000
AT5G48420,-0.22667
AT5G48450,-0.04333
AT5G48630,-0.34667
AT5G49138,0.24667
AT5G49210,-0.00500
AT5G49380,-0.10000
AT5G49448,-0.00000
AT5G49560,0.00333
AT5G49615,0.09667
AT5G49690,0.05000
AT5G49730,0.14667
AT5G49830,0.07333
AT5G49920,0.06667
AT5G50140,-0.05000
AT5G50310,-0.51333
AT5G50380,-0.12000
AT5G50480,0.09667
AT5G50960,-0.48667
AT5G51070,0.12667
AT5G51451,-0.40667
AT5G51500,0.02667
AT5G51680,-0.20000
AT5G52030,-0.96000
AT5G52150,0.30333
AT5G52160,0.04667
AT5G52170,-0.08333
AT5G52260,0.13667
AT5G52360,-0.10667
AT5G52530,0.68000
AT5G52730,-0.03667
AT5G52880,-0.23333
AT5G52960,-0.15500
AT5G53210,0.14333
AT5G53500,0.01000
AT5G53510,-0.27333
AT5G53590,-0.21667
AT5G53690,-0.07333
AT5G53770,0.23667
AT5G53775,0.22333
AT5G53840,-0.12333
AT5G53900,0.14000
AT5G53920,-1.34000
AT5G54020,-0.00333
AT5G54095,0.07333
AT5G54165,-0.71000
AT5G54215,-0.07667
AT5G54450,-0.10000
AT5G55050,0.04667
AT5G55240,-0.01333
AT5G55300,-0.01667
AT5G55340,-0.28333
AT5G55370,-0.05333
AT5G55560,-0.03000
AT5G55620,0.39667
AT5G55670,-0.24167
AT5G55830,0.20333
AT5G56310,0.09333
AT5G56325,-0.48333
AT5G56370,0.10000
AT5G56400,-0.71667
AT5G56570,0.04000
AT5G57090,-0.00333
AT5G57280,-0.06667
AT5G57520,-0.18667
AT5G57710,0.09667
AT5G58003,-0.07000
AT5G58270,-0.01333
AT5G58380,0.12667
AT5G58610,0.07000
AT5G58730,-0.37667
AT5G58740,0.01333
AT5G58860,-0.36000
AT5G59010,0.03000
AT5G59250,0.03667
AT5G59305,-1.10333
AT5G59540,-0.04333
AT5G60142,0.59000
AT5G60615,0.26000
AT5G60640,-0.03333
AT5G60790,0.02833
AT5G60978,-0.13000
AT5G61050,-0.12667
AT5G61380,-0.38667
AT5G61640,0.13667
AT5G62720,0.04000
AT5G62890,-0.07333
AT5G62990,0.06333
AT5G63063,-0.03333
AT5G63080,0.02000
AT5G63170,-0.01000
AT5G63260,0.11333
AT5G63300,-0.11333
AT5G63420,-0.44000
AT5G63760,0.03167
AT5G63780,0.20333
AT5G63800,0.08000
AT5G64100,0.05167
AT5G64210,-0.05333
AT5G64250,0.02333
AT5G64310,-0.19333
AT5G64470,-0.15833
AT5G64570,-0.11000
AT5G64640,0.02333
AT5G64710,0.01333
AT5G64760,-0.00667
AT5G64820,-0.28667
AT5G64870,-0.34667
AT5G64970,-0.27667
AT5G65350,0.23667
AT5G65620,0.31333
AT5G65720,0.22333
AT5G65860,0.10333
AT5G65920,0.03667
AT5G65950,0.85667
AT5G66190,-0.04000
AT5G66500,-0.15667
AT5G66631,-0.15333
AT5G66660,-0.26000
AT5G66750,0.13333
AT5G66760,0.21667
AT5G66870,-0.01667
AT5G66920,0.18667
AT5G66950,-0.01333
AT5G66985,-0.30333
AT5G67010,-0.12333
AT5G67040,0.22333
AT5G67070,-0.03000
AT5G67170,-0.21333
AT5G67180,-0.04667
AT5G67200,-0.10333
AT5G67330,-0.05000
AT5G67385,-0.11333
AT5G67410,-0.13667
AT5G67480,-0.12000
AT5G67640,-0.02667
ATCG00020,0.06167
ATCG00540,0.03000
ATCG00720,0.64000
ATCG00770,0.67000
ATCG00830,-0.01000
ATCG00920,0.07333
ATCG01060,0.53667
ATMG00400,-0.20500
ATMG00516,0.93333
ATMG00610,0.12333
ATMG00620,-0.09667
ATMG01400,0.09000
